{
  "auc_xgb": 0.9140201190947096,
  "auc_lgb": 0.9136848695910523,
  "auc_stacked": 0.9140203667379002,
  "pr_auc_stacked": 0.8397189799214873,
  "meta_weights": [
    4.333925040263318,
    1.6117143490720092
  ],
  "ltv_mae": 218.3193353300792,
  "ltv_r2": 0.6687145132476189,
  "n_train": 160000,
  "n_holdout": 40000,
  "training_seconds": 131.8
}