{"tenure_months": {"count": 160000.0, "mean": 36.5109375, "std": 20.776923277388168, "min": 1.0, "10%": 8.0, "25%": 19.0, "50%": 37.0, "75%": 54.0, "90%": 65.0, "max": 72.0}, "autopay_enrolled": {"count": 160000.0, "mean": 0.450125, "std": 0.4975078203784297, "min": 0.0, "10%": 0.0, "25%": 0.0, "50%": 0.0, "75%": 1.0, "90%": 1.0, "max": 1.0}, "paperless_billing": {"count": 160000.0, "mean": 0.60071875, "std": 0.489752215417287, "min": 0.0, "10%": 0.0, "25%": 0.0, "50%": 1.0, "75%": 1.0, "90%": 1.0, "max": 1.0}, "num_lines": {"count": 160000.0, "mean": 3.00180625, "std": 1.4137195544836871, "min": 1.0, "10%": 1.0, "25%": 2.0, "50%": 3.0, "75%": 4.0, "90%": 5.0, "max": 5.0}, "intl_plan": {"count": 160000.0, "mean": 0.119375, "std": 0.32423026756907664, "min": 0.0, "10%": 0.0, "25%": 0.0, "50%": 0.0, "75%": 0.0, "90%": 1.0, "max": 1.0}, "streaming_bundle": {"count": 160000.0, "mean": 0.50113125, "std": 0.5000002827751249, "min": 0.0, "10%": 0.0, "25%": 0.0, "50%": 1.0, "75%": 1.0, "90%": 1.0, "max": 1.0}, "monthly_charges": {"count": 160000.0, "mean": 88.0724490625, "std": 24.259127421459603, "min": 18.0, "10%": 54.69, "25%": 70.79, "50%": 89.67, "75%": 106.07, "90%": 119.0, "max": 161.55}, "total_charges": {"count": 160000.0, "mean": 3120.0448282499997, "std": 2035.9464786462752, "min": 23.89, "10%": 596.1950000000002, "25%": 1432.9375, "50%": 2863.6400000000003, "75%": 4554.795, "90%": 6024.145000000001, "max": 11358.88}, "data_gb_m1": {"count": 160000.0, "mean": 12.010332, "std": 6.931710100405002, "min": 0.1, "10%": 4.41, "25%": 6.92, "50%": 10.72, "75%": 15.71, "90%": 21.26, "max": 74.29}, "data_gb_m2": {"count": 160000.0, "mean": 12.0111238125, "std": 7.153964574292182, "min": 0.1, "10%": 4.31, "25%": 6.8, "50%": 10.59, "75%": 15.72, "90%": 21.52, "max": 77.6}, "data_gb_m3": {"count": 160000.0, "mean": 12.01193, "std": 7.766530881295204, "min": 0.0, "10%": 3.95, "25%": 6.41, "50%": 10.3, "75%": 15.77, "90%": 22.23, "max": 89.0}, "call_drop_rate": {"count": 160000.0, "mean": 0.038926746875, "std": 0.028882833427143106, "min": 0.0, "10%": 0.0099, "25%": 0.0177, "50%": 0.0318, "75%": 0.0524, "90%": 0.0778, "max": 0.2764}, "avg_download_mbps": {"count": 160000.0, "mean": 141.699666875, "std": 132.57169716108177, "min": 0.0, "10%": 0.0, "25%": 28.8, "50%": 61.1, "75%": 271.7, "90%": 325.5, "max": 521.8}, "support_tickets_90d": {"count": 160000.0, "mean": 0.6028375, "std": 0.7751633402596677, "min": 0.0, "10%": 0.0, "25%": 0.0, "50%": 0.0, "75%": 1.0, "90%": 2.0, "max": 6.0}, "late_payments_12m": {"count": 160000.0, "mean": 0.4001125, "std": 0.6335120328005602, "min": 0.0, "10%": 0.0, "25%": 0.0, "50%": 0.0, "75%": 1.0, "90%": 1.0, "max": 6.0}, "days_since_last_interaction": {"count": 160000.0, "mean": 182.16215625, "std": 105.38327344420033, "min": 0.0, "10%": 36.0, "25%": 91.0, "50%": 182.0, "75%": 273.0, "90%": 328.0, "max": 364.0}, "price_increase_flag": {"count": 160000.0, "mean": 0.1987625, "std": 0.3990701241007333, "min": 0.0, "10%": 0.0, "25%": 0.0, "50%": 0.0, "75%": 0.0, "90%": 1.0, "max": 1.0}, "usage_trend_pct": {"count": 160000.0, "mean": 0.08323682656470581, "std": 0.5495312441728261, "min": -0.5188834154351395, "10%": -0.24183073229291716, "25%": -0.14407862310280495, "50%": 0.0, "75%": 0.20328212556424244, "90%": 0.47122400709569334, "max": 123.66666666666669}, "avg_data_gb": {"count": 160000.0, "mean": 12.011128604166666, "std": 7.153972751829292, "min": 0.10333333333333333, "10%": 4.31, "25%": 6.803333333333334, "50%": 10.586666666666666, "75%": 15.716666666666667, "90%": 21.52, "max": 77.60333333333334}, "charge_per_line": {"count": 160000.0, "mean": 37.26355522604167, "std": 21.979865618867176, "min": 8.6625, "10%": 17.69325, "25%": 22.464, "50%": 29.36, "75%": 45.02, "90%": 74.64, "max": 127.92}, "charges_per_tenure": {"count": 160000.0, "mean": 85.42973856111158, "std": 23.67122697911173, "min": 16.615652173913045, "10%": 52.9487850678733, "25%": 68.5741907051282, "50%": 86.85522727272728, "75%": 102.90732860520095, "90%": 115.62434770889489, "max": 161.73399999999998}, "tickets_per_tenure": {"count": 160000.0, "mean": 0.04063418409519782, "std": 0.14176520936108558, "min": 0.0, "10%": 0.0, "25%": 0.0, "50%": 0.0, "75%": 0.03225806451612903, "90%": 0.08333333333333333, "max": 5.0}, "is_new_customer": {"count": 160000.0, "mean": 0.083675, "std": 0.27690065653106516, "min": 0.0, "10%": 0.0, "25%": 0.0, "50%": 0.0, "75%": 0.0, "90%": 0.0, "max": 1.0}, "high_value_flag": {"count": 160000.0, "mean": 0.3382125, "std": 0.47310274122807994, "min": 0.0, "10%": 0.0, "25%": 0.0, "50%": 0.0, "75%": 1.0, "90%": 1.0, "max": 1.0}, "network_pain_score": {"count": 160000.0, "mean": 4.4955121875, "std": 2.9928260524481862, "min": 0.0, "10%": 1.37, "25%": 2.3200000000000003, "50%": 3.84, "75%": 5.95, "90%": 8.5, "max": 29.629999999999995}, "payment_risk": {"count": 160000.0, "mean": 0.1941, "std": 0.39550748117266743, "min": 0.0, "10%": 0.0, "25%": 0.0, "50%": 0.0, "75%": 0.0, "90%": 1.0, "max": 1.0}, "engagement_score": {"count": 160000.0, "mean": 2.5898477214374207, "std": 2.169575548664716, "min": 0.9263959390862944, "10%": 1.0195530726256983, "25%": 1.2046204620462047, "50%": 1.721698113207547, "75%": 3.0165289256198347, "90%": 5.53030303030303, "max": 12.166666666666666}, "contract_type__month_to_month": {"count": 160000.0, "mean": 0.55063125, "std": 0.49743142543578944, "min": 0.0, "10%": 0.0, "25%": 0.0, "50%": 1.0, "75%": 1.0, "90%": 1.0, "max": 1.0}, "contract_type__one_year": {"count": 160000.0, "mean": 0.2499875, "std": 0.4330068379217706, "min": 0.0, "10%": 0.0, "25%": 0.0, "50%": 0.0, "75%": 0.0, "90%": 1.0, "max": 1.0}, "contract_type__two_year": {"count": 160000.0, "mean": 0.19938125, "std": 0.3995364374271359, "min": 0.0, "10%": 0.0, "25%": 0.0, "50%": 0.0, "75%": 0.0, "90%": 1.0, "max": 1.0}, "payment_method__electronic_check": {"count": 160000.0, "mean": 0.3520125, "std": 0.4775993357153925, "min": 0.0, "10%": 0.0, "25%": 0.0, "50%": 0.0, "75%": 1.0, "90%": 1.0, "max": 1.0}, "payment_method__mailed_check": {"count": 160000.0, "mean": 0.150925, "std": 0.3579768781590972, "min": 0.0, "10%": 0.0, "25%": 0.0, "50%": 0.0, "75%": 0.0, "90%": 1.0, "max": 1.0}, "payment_method__bank_transfer": {"count": 160000.0, "mean": 0.24865, "std": 0.432231818764141, "min": 0.0, "10%": 0.0, "25%": 0.0, "50%": 0.0, "75%": 0.0, "90%": 1.0, "max": 1.0}, "payment_method__credit_card": {"count": 160000.0, "mean": 0.2484125, "std": 0.4320936203525281, "min": 0.0, "10%": 0.0, "25%": 0.0, "50%": 0.0, "75%": 0.0, "90%": 1.0, "max": 1.0}, "internet_service__dsl": {"count": 160000.0, "mean": 0.34885, "std": 0.4766079072144709, "min": 0.0, "10%": 0.0, "25%": 0.0, "50%": 0.0, "75%": 1.0, "90%": 1.0, "max": 1.0}, "internet_service__fiber": {"count": 160000.0, "mean": 0.4504, "std": 0.4975353124489452, "min": 0.0, "10%": 0.0, "25%": 0.0, "50%": 0.0, "75%": 1.0, "90%": 1.0, "max": 1.0}, "internet_service__none": {"count": 160000.0, "mean": 0.20075, "std": 0.4005626546687197, "min": 0.0, "10%": 0.0, "25%": 0.0, "50%": 0.0, "75%": 0.0, "90%": 1.0, "max": 1.0}, "customer_segment__consumer": {"count": 160000.0, "mean": 0.74878125, "std": 0.433715419751357, "min": 0.0, "10%": 0.0, "25%": 0.0, "50%": 1.0, "75%": 1.0, "90%": 1.0, "max": 1.0}, "customer_segment__small_business": {"count": 160000.0, "mean": 0.18074375, "std": 0.38480692861909915, "min": 0.0, "10%": 0.0, "25%": 0.0, "50%": 0.0, "75%": 0.0, "90%": 1.0, "max": 1.0}, "customer_segment__enterprise": {"count": 160000.0, "mean": 0.070475, "std": 0.2559466424946297, "min": 0.0, "10%": 0.0, "25%": 0.0, "50%": 0.0, "75%": 0.0, "90%": 0.0, "max": 1.0}}